{"cameraMode":{"drawMode":0,"name":"Shaded","section":"Shading Mode"},"sceneLighting":false,"audioPlay":false,"sceneViewState":{"showFog":true,"showMaterialUpdate":false,"showSkybox":false,"showFlares":true,"showImageEffects":true,"showParticleSystems":true},"in2DMode":false,"pivot":{"x":-0.963620662689209,"y":2.3269827365875246,"z":0.5633766651153565},"rotation":{"x":-0.09103822708129883,"y":-0.45087674260139468,"z":0.0462908074259758,"w":-0.886727511882782},"size":2.809919834136963,"orthographic":false}