{"cameraMode":{"drawMode":0,"name":"Shaded","section":"Shading Mode"},"sceneLighting":false,"audioPlay":false,"sceneViewState":{"showFog":true,"showMaterialUpdate":false,"showSkybox":false,"showFlares":true,"showImageEffects":true,"showParticleSystems":true},"in2DMode":false,"pivot":{"x":0.01599031686782837,"y":-0.026539742946624757,"z":0.013220146298408509},"rotation":{"x":-0.36216217279434206,"y":-0.6294665932655335,"z":0.4171968698501587,"w":-0.5464200973510742},"size":0.1549522578716278,"orthographic":false}