{"cameraMode":{"drawMode":0,"name":"Shaded","section":"Shading Mode"},"sceneLighting":false,"audioPlay":false,"sceneViewState":{"showFog":true,"showMaterialUpdate":false,"showSkybox":true,"showFlares":true,"showImageEffects":true,"showParticleSystems":true},"in2DMode":false,"pivot":{"x":0.15146109461784364,"y":-0.2097136378288269,"z":1.1502434015274048},"rotation":{"x":-0.14960737526416779,"y":-0.19818247854709626,"z":0.030628565698862077,"w":-0.9682043194770813},"size":0.8499748110771179,"orthographic":false}